Category,Emoji,Name,Description
Time,â°,Very Short,<15 minutes; quick activities completed in brief moments
Time,â±ï¸,Medium,15-30 minutes; standard activity timeframe
Time,â±ï¸â±ï¸,Long,30-60 minutes; extended activities
Time,â±ï¸â±ï¸â±ï¸,Very Long,>60 minutes; comprehensive deep engagement
Focus,ğŸ§ ,Full Focus,Requires complete concentration and distraction-free environment
Focus,ğŸ‘ï¸,High Focus,Requires significant attention but can handle minor interruptions
Focus,ğŸ‘‚,Medium Focus,"Can be done during light activities (walking, commuting)"
Focus,ğŸ§,Low Focus,Can be done as background activity with divided attention
Context,ğŸ“´,Offline Only,Activity can be done completely offline
Context,ğŸ”Œ,Online Required,Activity requires internet connection
Context,ğŸ“±,Flexible,Activity works in both online/offline contexts
Context,ğŸ ,Location-specific,Activity requires specific location/environment